,rank1,rank2
0,35539,23763
1,36390,34268
2,29431,38592
3,33484,27099
4,20483,38398
5,31785,23930
6,24801,23662
7,24306,38349
8,24405,24688
9,38353,34121
10,24771,22229
11,21777,35670
12,38996,25484
13,32840,36319
14,21113,39686
15,26361,33555
16,36442,31825
17,35391,28745
18,21747,39506
19,29754,30120
20,35716,34582
21,32585,27241
22,34060,22352
23,25605,21443
24,35615,33083
25,28076,38777
26,29872,36504
27,34414,27818
28,33160,22021
29,21396,39144
30,20090,26604
31,24101,32277
32,30290,37758
33,29649,36306
34,28855,35817
35,24587,35541
36,22891,30068
37,20225,34985
38,24479,24025
39,21243,36259
40,36872,32687
41,23739,34519
42,28704,38617
43,27978,39887
44,33638,21404
45,25613,34542
46,39099,37364
47,24226,23156
48,20330,35939
49,39827,37038
50,31936,39660
51,22458,30608
52,25073,31495
53,21849,38731
54,35482,24465
55,23987,21956
56,36704,38497
57,37315,27059
58,27802,28368
59,20289,25980
60,35048,28102
61,38461,23943
62,20022,28112
63,24952,34056
64,31797,27992
65,25971,30861
66,24679,30716
67,24402,37340
68,31304,25256
69,34242,38013
70,20184,32518
71,28875,20475
72,26581,39602
73,39704,24842
74,21277,21939
75,35087,32146
76,20372,34943
77,21441,21510
78,35416,37956
79,30382,30729
80,35900,32246
81,32334,31563
82,29451,21092
83,31192,39780
84,29058,25278
85,28936,22884
86,23200,34758
87,33911,22754
88,28904,36095
89,22693,39880
90,26784,35437
91,27529,23408
92,32648,31134
93,20396,20072
94,20817,24775
95,35613,38834
96,34748,31085
97,21964,23420
98,20539,39516
99,21325,35394
100,32356,24408
101,33875,21199
102,39996,23067
103,24988,20297
104,38818,26505
105,36841,32467
106,27717,35983
107,36204,36147
108,20065,26487
109,35140,31024
110,36570,38753
111,35497,30713
112,21163,23583
113,26708,29859
114,37192,30368
115,32509,32900
116,35674,29870
117,29293,32554
118,33427,38864
119,24909,29028
120,24354,34793
121,25747,22323
122,33793,27312
123,31208,33636
124,30726,33680
125,27539,21855
126,30867,31858
127,23278,26082
128,30436,32311
129,32271,35336
130,32989,33838
131,24885,30315
132,34543,30619
133,23415,33768
134,28811,36104
135,38386,39560
136,39037,38379
137,25207,20472
138,29002,29609
139,22892,24946
140,21373,35565
141,21485,25871
142,32628,26157
143,25023,35728
144,21340,22976
145,21270,33573
146,30588,36882
147,31776,34631
148,32291,24930
149,20453,26923
150,26048,26659
151,33737,34890
152,28718,31007
153,38714,31739
154,23114,32854
155,28870,22174
156,32577,35982
157,24190,34731
158,25144,20802
159,27960,22125
160,35564,20355
161,35945,24016
162,32095,29500
163,31895,21256
164,26942,31675
165,28098,22224
166,21739,20154
167,29156,22123
168,29570,37719
169,21666,35732
170,26439,38774
171,26792,29469
172,28971,26999
173,26780,36190
174,30051,36648
175,31115,23077
176,33935,37168
177,28907,22867
178,31903,38979
179,29377,29499
180,28788,31458
181,22177,33735
182,24949,34461
183,37220,28765
184,21913,33417
185,26514,24453
186,31526,39033
187,39414,35105
188,31043,38257
189,28669,26249
190,20876,39109
191,26580,34518
192,33938,21102
193,29834,39184
194,39059,29561
195,25998,29685
196,21791,39804
197,25487,36338
198,37102,25577
199,32056,31283
200,20651,22084
201,38591,38443
202,35093,33904
203,33469,22575
204,29603,32814
205,25654,36428
206,25064,37656
207,32504,24898
208,21397,21783
209,33842,26542
210,29514,36616
211,36491,38060
212,29634,36941
213,35475,30188
214,32124,31966
215,27839,20193
216,27708,37531
217,22790,33257
218,28438,23520
219,34039,39518
220,20388,29560
221,33702,22555
222,29857,28611
223,23585,24932
224,28683,27420
225,37066,32193
226,34314,21573
227,24965,34681
228,28312,36603
229,36955,28921
230,30204,38388
231,36351,29003
232,24358,27103
233,22124,31094
234,24418,26066
235,33626,27686
236,20393,29629
237,24865,35865
238,33910,34427
239,32220,30345
240,35392,34182
241,39963,27689
242,27790,25888
243,26547,39445
244,38966,28577
245,28688,28623
246,22787,34879
247,29060,30060
248,31809,37788
249,36090,27318
250,25934,20370
251,33881,22988
252,34484,26073
253,35173,21212
254,37281,37034
255,20494,25530
256,36456,21101
257,39580,32642
258,28581,35408
259,22434,25511
260,38169,33357
261,38785,34191
262,20504,26787
263,38970,24856
264,22476,21633
265,38237,21667
266,22912,35421
267,29885,34988
268,34895,36457
269,27618,24078
270,31520,31677
271,21703,23157
272,34639,25546
273,34956,26339
274,31348,32970
275,36730,34969
276,27835,20708
277,32868,34002
278,21473,29802
279,31228,32371
280,20379,30970
281,35251,39295
282,32694,21753
283,37633,35704
284,29904,20273
285,26052,29382
286,20623,39455
287,33751,32752
288,21206,20429
289,29484,33920
290,34063,33525
291,37011,21550
292,38510,28603
293,22706,38494
294,33065,22963
295,25997,25481
296,33304,22398
297,37754,29667
298,29256,20703
299,20735,30697
300,36536,33984
301,23741,23664
302,30952,31881
303,35451,28167
304,22837,24116
305,31540,20794
306,28607,31572
307,25614,33980
308,34823,28409
309,37117,24508
310,33274,38475
311,27657,23409
312,29869,30620
313,39817,33297
314,35601,31406
315,28057,37106
316,30514,32274
317,32285,32804
318,27030,34400
319,25157,28790
320,26165,33507
321,24252,36885
322,24540,31448
323,24739,21141
324,23968,35030
325,37207,32290
326,35477,34655
327,28830,31467
328,21239,30415
329,31403,37638
330,34605,36487
331,35162,32910
332,37261,35896
333,31149,26646
334,38964,35221
335,37737,37698
336,27134,22509
337,31099,27834
338,34177,29702
339,24545,31175
340,35447,22122
341,26919,22375
342,32440,32306
343,35845,29893
344,25965,34041
345,33381,38848
346,29824,27039
347,29946,34449
348,26497,38053
349,24532,34371
350,38035,20557
351,32555,21347
352,28369,32138
353,39517,27009
354,24636,36842
355,32812,24218
356,29762,27225
357,26531,24212
358,39234,32612
359,22526,35368
360,32863,35512
361,33562,39261
362,25867,34446
363,28347,33227
364,32627,24864
365,27673,34643
366,25668,28986
367,39521,33873
368,24100,37836
369,21887,32724
370,38396,30212
371,37775,34130
372,23028,23746
373,33030,28419
374,22204,39149
375,25672,23563
376,38697,23855
377,29914,37575
378,26022,37473
379,25276,30687
380,22104,34843
381,31712,25198
382,31547,25565
383,20074,33782
384,30615,27591
385,23291,28004
386,31901,36000
387,21225,21054
388,25745,34561
389,30296,31262
390,37619,21655
391,26955,23131
392,37498,22744
393,23416,32087
394,23840,22650
395,33551,32816
396,25801,31388
397,29066,26039
398,37015,33307
399,22285,37129
400,38347,32177
401,36406,25896
402,21902,26886
403,25044,34018
404,39844,25172
405,24521,38467
406,23712,23282
407,38919,24135
408,29449,25136
409,20160,32350
410,37743,26972
411,32275,28258
412,26420,21664
413,33625,23509
414,29415,30381
415,36757,35403
416,37319,38939
417,32110,27967
418,31615,31749
419,23243,27898
420,36385,22407
421,36327,28572
422,20666,39338
423,20244,32433
424,30090,29274
425,23106,35478
426,21020,31638
427,37942,38865
428,29011,33556
429,20905,29450
430,26037,24295
431,32776,31272
432,20401,30078
433,30494,34113
434,28648,23516
435,33808,36613
436,24943,22968
437,34402,25063
438,36499,39218
439,32638,31961
440,29815,30339
441,24846,28674
442,35584,29339
443,34403,20356
444,25294,28297
445,28741,20709
446,29711,26623
447,26502,32988
448,29590,21094
449,32417,34898
450,24953,23517
451,36796,24673
452,21567,26516
453,22793,20931
454,22838,21251
455,32690,33471
456,32203,34892
457,21725,29115
458,24763,25095
459,31214,38067
460,31235,39472
461,34477,33448
462,27914,29306
463,34508,34110
464,22212,33379
465,35366,27461
466,32606,33828
467,33739,30573
468,30549,29411
469,34380,33668
470,37201,32344
471,26706,26509
472,39890,30756
473,35948,28852
474,30409,28165
475,35296,30141
476,33546,26653
477,22428,26490
478,21555,31054
479,31238,38256
480,35965,35974
481,35259,27315
482,21906,36287
483,25657,25772
484,21003,24753
485,31650,26284
486,29040,35515
487,20255,31867
488,37397,30011
489,31122,38664
490,34730,31790
491,21317,24404
492,23442,38479
493,20226,36207
494,37560,25017
495,23771,26537
496,38236,31704
497,26366,24285
498,30962,26570
499,20822,26175
500,33260,34213
501,27223,32254
502,30852,27001
503,30755,32566
504,21833,32148
505,27743,33362
506,31363,36956
507,34938,27107
508,30618,29894
509,20318,28559
510,26846,22230
511,25439,21135
512,38092,25920
513,23075,20221
514,35667,25621
515,23888,21637
516,32754,33055
517,33613,37258
518,27982,30174
519,31196,29039
520,30528,37369
521,28815,30672
522,28664,20224
523,20778,24627
524,37744,20017
525,33347,37761
526,35563,35027
527,39847,23540
528,38456,39246
529,22411,38541
530,31441,37666
531,34983,31402
532,32390,24520
533,39168,33857
534,21125,28720
535,35662,21460
536,35193,31439
537,31121,29690
538,26437,28251
539,28774,37683
540,27571,27640
541,23989,38666
542,26835,23434
543,30552,22340
544,31946,27213
545,27494,27259
546,23710,23051
547,36734,29710
548,39535,39770
549,27787,25099
550,20380,30113
551,31716,32710
552,28700,32315
553,23313,20449
554,20115,22585
555,36625,31614
556,30774,24746
557,38984,28391
558,32176,34749
559,21432,31012
560,35597,35201
561,25083,34115
562,35646,22746
563,21275,29253
564,28121,33237
565,20575,22588
566,30487,35842
567,30105,37421
568,34976,27282
569,35770,32836
570,24325,20009
571,25653,32319
572,32943,39583
573,21634,38725
574,38186,32590
575,39528,28898
576,23371,36318
577,32872,34818
578,39651,32081
579,36673,36972
580,21498,36355
581,29218,39653
582,21762,24430
583,31879,23688
584,36662,34981
585,32194,39421
586,37403,39588
587,31065,31502
588,21677,38080
589,29486,26400
590,31140,33601
591,23208,26484
592,29770,20124
593,37898,28038
594,24187,23425
595,22462,37710
596,29020,34388
597,22779,31107
598,25010,25734
599,25926,26793
600,31616,33233
601,30695,24120
602,21858,23144
603,34468,36756
604,24084,21100
605,26968,33159
606,35785,30118
607,32191,28631
608,36637,36208
609,26858,29818
610,34622,34189
611,21927,36584
612,37147,28738
613,35203,28191
614,29731,36632
615,30237,25108
616,24050,34496
617,26214,36405
618,31281,28491
619,28880,24907
620,28519,34228
621,27755,30648
622,26111,37899
623,32059,28192
624,23925,30601
625,27932,29822
626,26503,21010
627,31951,21728
628,36149,29707
629,21987,23079
630,36810,25833
631,29656,39326
632,23580,27474
633,34581,35925
634,33163,39160
635,30846,38010
636,31953,37189
637,22834,23545
638,39848,37810
639,36344,29317
640,23757,39647
641,32635,22608
642,32111,37107
643,36931,25884
644,35401,39038
645,38763,22033
646,29341,31413
647,21835,23749
648,37995,26146
649,23311,23126
650,30792,36893
651,28240,34034
652,25984,26904
653,20061,33800
654,28395,33717
655,29286,24933
656,32379,23536
657,29021,20130
658,30750,24157
659,36773,31274
660,38647,31681
661,25156,21866
662,29964,31028
663,35117,34246
664,27063,34025
665,22591,39526
666,25644,23290
667,30030,38589
668,30143,35271
669,34552,33917
670,37431,20784
671,27632,23539
672,30562,35709
673,24136,31217
674,39691,20869
675,27286,38297
676,30111,27158
677,37446,25279
678,27729,27351
679,24236,22216
680,31900,30963
681,26662,20729
682,20445,22524
683,20751,21449
684,29647,37482
685,22474,32089
686,31026,35600
687,35702,22729
688,25601,31930
689,25221,25383
690,36609,27880
691,35199,31927
692,34287,30047
693,24768,32231
694,25779,29340
695,37334,35159
696,24170,38141
697,28446,22753
698,31690,26279
699,21483,35003
700,25340,24323
701,33586,38414
702,32161,39008
703,39127,26726
704,30359,38032
705,32500,35308
706,38252,22231
707,36130,39280
708,28829,22809
709,21144,32071
710,36944,27244
711,39592,24052
712,33619,32731
713,30804,33845
714,21523,35814
715,23472,27796
716,35919,26115
717,20091,25407
718,25480,35107
719,34479,23127
720,29780,24561
721,22035,23890
722,29663,36021
723,39702,37613
724,23478,35772
725,38050,23046
726,22226,26302
727,37948,27498
728,28850,30152
729,22845,29720
730,23445,37789
731,37879,30182
732,37564,33216
733,29567,23001
734,31290,25337
735,39281,33450
736,30007,35992
737,34962,35989
738,35244,32932
739,29439,37967
740,34913,28487
741,32867,30754
742,29150,30996
743,22246,24239
744,26977,28087
745,23898,22494
746,37615,20417
747,32247,24235
748,31483,36636
749,33568,28606
750,32576,24606
751,25887,29977
752,21418,23931
753,38399,21481
754,35514,39320
755,27042,36437
756,28698,23341
757,39434,34712
758,37099,21548
759,34097,39823
760,28861,23616
761,38687,39777
762,24209,27966
763,26239,39681
764,29801,26107
765,22544,31184
766,33198,28276
767,20296,20282
768,37748,29436
769,35790,29343
770,35466,23052
771,37705,36602
772,38993,34982
773,36564,39345
774,21846,28685
775,30191,20685
776,22362,21803
777,21321,32128
778,27309,24457
779,35950,35687
780,29465,32895
781,37957,33223
782,39063,37636
783,30401,33273
784,24322,30429
785,39943,33997
786,24202,38329
787,24130,32358
788,31982,27838
789,24208,33026
790,25501,32770
791,25866,32252
792,33674,21717
793,31971,36519
794,29744,39951
795,36669,21254
796,24220,38738
797,34491,36280
798,33846,20499
799,34394,39276
800,33879,26031
801,24663,30430
802,36026,27130
803,39544,22003
804,30652,22593
805,24393,23435
806,27396,27845
807,32521,31639
808,39409,27655
809,22100,23871
810,20686,38735
811,35888,34624
812,23865,30516
813,31512,24048
814,24894,38194
815,27913,26579
816,20853,25758
817,26751,20881
818,31501,30991
819,23592,33429
820,39898,23877
821,22644,39904
822,35385,32493
823,22759,29250
824,34195,29763
825,35582,28859
826,31240,24406
827,27660,38193
828,24104,25996
829,20884,31592
830,35774,38343
831,30851,30791
832,32029,28401
833,26798,33836
834,20700,37182
835,20392,30625
836,33066,36397
837,37222,22445
838,23963,25863
839,27428,26187
840,33062,20351
841,33963,34362
842,33136,26344
843,23073,35637
844,24117,21491
845,29955,32401
846,28274,29186
847,39287,22412
848,29262,29169
849,38144,24452
850,22255,36101
851,20693,28994
852,35219,28946
853,34809,25970
854,28931,37312
855,28807,39334
856,20914,24147
857,22936,22436
858,23284,33335
859,31770,27341
860,28999,38732
861,34207,23723
862,39138,37491
863,26963,33280
864,30685,25132
865,25140,39314
866,26281,25567
867,38500,37645
868,23845,22276
869,33290,21699
870,21088,37828
871,29134,30423
872,23525,25468
873,22310,21880
874,21249,28791
875,20738,23045
876,31471,21431
877,31642,24715
878,34240,39685
879,28925,21283
880,23793,31980
881,25504,38854
882,30157,20900
883,37979,34728
884,22137,35620
885,30748,36438
886,34583,30451
887,28881,25188
888,34094,39135
889,23523,29126
890,28598,24628
891,21098,26019
892,35947,31571
893,21056,25110
894,30819,20910
895,22251,30712
896,33534,30330
897,37073,32496
898,34773,34485
899,21192,27353
900,25176,36754
901,31227,36610
902,32620,20253
903,34538,21862
904,26035,27825
905,21008,35095
906,24868,26139
907,23085,38295
908,31275,22780
909,24519,27887
910,23300,38587
911,33607,37309
912,33392,21025
913,38908,36629
914,22468,30126
915,23979,24072
916,20819,32952
917,39266,20310
918,20732,31365
919,24353,23250
920,36970,20274
921,34939,31717
922,35076,37138
923,33827,32947
924,26651,24219
925,25694,29995
926,34852,26221
927,26289,39348
928,27548,39264
929,26507,30159
930,25074,32538
931,30981,36857
932,22623,35653
933,22334,37475
934,28339,30251
935,22337,31258
936,32532,27828
937,37680,26240
938,22531,34059
939,35170,29703
940,33612,32806
941,34522,39837
942,38770,22695
943,27552,38518
944,30258,31843
945,22205,29137
946,29564,28968
947,33807,30024
948,35310,36527
949,33431,33750
950,38229,28984
951,24950,29098
952,23120,20588
953,30893,20788
954,38017,38528
955,20520,30259
956,36058,29349
957,21336,31506
958,24144,28719
959,22742,25197
960,34876,37153
961,38987,32347
962,27270,37639
963,33187,21001
964,23468,25305
965,28992,21416
966,33608,27256
967,32951,22228
968,34556,27161
969,25029,38704
970,21076,39239
971,29961,28527
972,31533,32676
973,21996,21315
974,35557,38066
975,31060,30594
976,36186,25643
977,37371,29661
978,32147,25927
979,29121,29107
980,32505,30452
981,33709,38613
982,24126,39155
983,20723,22842
984,26754,28125
985,26573,35730
986,30217,31368
987,35813,32103
988,22518,38301
989,35596,27452
990,31466,34460
991,25391,20259
992,20210,21694
993,27906,26117
994,31139,39655
995,30311,31593
996,20849,27975
997,31482,22022
998,27931,37778
999,20075,27021
1000,24819,33885
1001,23874,38695
1002,23630,27245
1003,29448,32969
1004,20464,38661
1005,27962,37183
1006,31356,30564
1007,28494,37355
1008,33891,23343
1009,28732,28597
1010,23477,38741
1011,29145,26937
1012,36363,36966
1013,35934,27204
1014,37843,22897
1015,23558,26271
1016,36134,35719
1017,31815,38000
1018,36045,25648
1019,33854,26074
1020,27634,23168
1021,30167,34733
1022,20598,36160
1023,30520,31465
1024,30787,29896
1025,37144,32767
1026,39696,36294
1027,31096,36903
1028,28301,27046
1029,35710,21904
1030,21158,24765
1031,29829,21799
1032,21767,22905
1033,31259,32475
1034,28676,29239
1035,26287,30344
1036,27028,30041
1037,30021,37083
1038,27002,22083
1039,31110,31013
1040,34882,32928
1041,24895,35644
1042,35364,23821
1043,35699,24640
1044,39197,34798
1045,32499,39305
1046,32997,34328
1047,36852,34577
1048,35844,30210
1049,21383,34162
1050,21910,37578
1051,20603,30086
1052,21000,25389
1053,27024,23632
1054,38162,22395
1055,31250,21097
1056,30979,24493
1057,36424,29310
1058,30497,21480
1059,38566,22410
1060,33877,38529
1061,30366,27483
1062,38112,28030
1063,20627,38280
1064,36819,37413
1065,32150,22565
1066,38043,22244
1067,31382,24995
1068,37817,26650
1069,25885,33753
1070,22344,22253
1071,23594,25134
1072,22006,22923
1073,26634,37529
1074,37004,32245
1075,36139,25211
1076,38816,37793
1077,34910,22734
1078,38502,29929
1079,33689,36780
1080,27508,28305
1081,32001,20801
1082,35490,27140
1083,22659,27260
1084,25035,21559
1085,31193,29424
1086,21758,35639
1087,33868,34064
1088,34432,31255
1089,22928,31246
1090,30225,29249
1091,26861,37373
1092,20127,23022
1093,37511,33492
1094,28210,38251
1095,30960,32541
1096,26072,31347
1097,32742,38699
1098,29746,23459
1099,22118,26892
1100,23818,34756
1101,23595,37501
1102,38087,33408
1103,34407,24197
1104,28754,20637
1105,37216,30710
1106,32643,29404
1107,27285,32088
1108,24262,32734
1109,30568,25249
1110,38114,36809
1111,27688,37023
1112,37006,32479
1113,27676,31293
1114,25589,24127
1115,36826,29503
1116,21715,29198
1117,21138,22540
1118,25845,37506
1119,27135,34348
1120,33328,31740
1121,36633,20993
1122,22038,38561
1123,22514,29533
1124,20948,20522
1125,27237,28416
1126,28879,38054
1127,29008,33796
1128,25960,39609
1129,20120,20002
1130,33312,30476
1131,24063,26329
1132,38756,38371
1133,32188,31957
1134,27909,27020
1135,29581,38921
1136,36187,38071
1137,36423,30499
1138,39048,23593
1139,27431,29452
1140,34705,29820
1141,35494,28414
1142,32805,30949
1143,36545,22233
1144,33841,24017
1145,33659,36968
1146,26611,25205
1147,23644,23687
1148,38354,30179
1149,33969,28379
1150,39277,20928
1151,33010,30894
1152,26735,28737
1153,23748,35249
1154,39067,38998
1155,34184,34166
1156,28570,39545
1157,28471,26697
1158,23010,22157
1159,24807,33154
1160,35029,34637
1161,34329,31584
1162,32995,27382
1163,33947,28173
1164,23024,34096
1165,34900,22953
1166,28013,21245
1167,31769,36253
1168,33849,36881
1169,36110,31324
1170,35933,36937
1171,23437,24214
1172,23974,21191
1173,29877,24288
1174,27901,32408
1175,31112,31652
1176,39756,34632
1177,21469,35094
1178,38210,28161
1179,22028,34405
1180,31132,32614
1181,33221,29133
1182,26213,29839
1183,20007,30896
1184,38084,27784
1185,24279,27375
1186,21464,27933
1187,28531,39185
1188,32380,23496
1189,26004,34871
1190,24203,30654
1191,24981,31341
1192,26837,39089
1193,30408,25964
1194,20579,28772
1195,26901,39941
1196,25948,21788
1197,32855,24150
1198,36804,28219
1199,28582,23508
1200,20655,29036
1201,38150,30317
1202,25308,27195
1203,20828,37441
1204,20148,29726
1205,31067,26896
1206,38382,38421
1207,24046,32537
1208,34759,33388
1209,24978,35812
1210,29290,37848
1211,24568,25241
1212,36332,38059
1213,32238,39085
1214,26395,38100
1215,23245,25166
1216,38036,26665
1217,35085,37380
1218,39120,28100
1219,34185,21613
1220,27715,27567
1221,37992,33420
1222,38225,36283
1223,39181,29516
1224,23742,37272
1225,30406,36681
1226,27510,31763
1227,37548,35430
1228,37416,37703
1229,27694,37604
1230,20190,29678
1231,30169,29807
1232,23909,31696
1233,26285,33538
1234,27928,28051
1235,36127,27578
1236,34325,31211
1237,34374,37557
1238,24991,35427
1239,33662,21126
1240,30434,39946
1241,32080,33618
1242,25243,25160
1243,39505,25771
1244,25123,36298
1245,24733,32202
1246,21143,29758
1247,33874,32481
1248,28070,34147
1249,37522,31765
1250,35920,31586
1251,29084,32179
1252,36198,30533
1253,26064,35136
1254,33663,33968
1255,36530,29698
1256,25102,37556
1257,21648,22336
1258,27166,35277
1259,22325,27771
1260,23690,22005
1261,23994,35966
1262,38299,32183
1263,27965,33540
1264,22206,23432
1265,36352,34554
1266,34367,35722
1267,26318,21609
1268,27704,23181
1269,26740,35025
1270,23889,20593
1271,31628,36413
1272,24531,21169
1273,23735,36057
1274,23470,30831
1275,29768,21119
1276,31335,20766
1277,30286,26799
1278,32341,27054
1279,22227,24193
1280,26994,31072
1281,34005,23189
1282,24134,24544
1283,26752,31542
1284,36215,22850
1285,23150,21808
1286,28239,34376
1287,32942,39928
1288,33267,27792
1289,21582,33798
1290,36148,21756
1291,35042,36926
1292,39805,30847
1293,34532,24562
1294,37299,29640
1295,27791,22386
1296,31030,22807
1297,26568,32792
1298,35382,38289
1299,35724,35242
1300,29627,33539
1301,33410,34010
1302,39426,32134
1303,39206,35521
1304,29867,34188
1305,20939,29779
1306,31910,20191
1307,25219,21805
1308,35021,27692
1309,20547,26340
1310,33185,29511
1311,22913,27124
1312,30964,28264
1313,21244,33888
1314,35943,36649
1315,27476,28498
1316,28034,28122
1317,32833,21928
1318,29915,23141
1319,20857,25339
1320,20792,31135
1321,24420,36511
1322,26135,21892
1323,20410,24919
1324,34761,28281
1325,20644,37365
1326,27815,26572
1327,26125,27685
1328,34345,23306
1329,33940,35419
1330,25347,39970
1331,35697,28124
1332,22269,24720
1333,33987,24969
1334,34619,27112
1335,32011,27811
1336,35090,24191
1337,27631,32774
1338,23026,34571
1339,33162,32846
1340,26079,34066
1341,38163,33437
1342,22020,25245
1343,20024,23070
1344,24340,31082
1345,32022,34443
1346,37731,26854
1347,21354,28092
1348,38602,28390
1349,28140,39308
1350,29419,25058
1351,38972,35154
1352,23185,39988
1353,35791,33532
1354,23226,21826
1355,29534,20960
1356,23526,24793
1357,23161,21670
1358,29072,29812
1359,24784,32950
1360,35580,37570
1361,23269,21068
1362,25293,22184
1363,36623,32962
1364,26089,22738
1365,27490,25733
1366,22847,36091
1367,26462,25606
1368,30992,27069
1369,35292,38433
1370,39597,31215
1371,32589,23040
1372,32126,25457
1373,30758,29059
1374,23734,30488
1375,31998,26297
1376,35402,26825
1377,21861,22416
1378,36833,27262
1379,26782,23528
1380,23743,32785
1381,30365,33110
1382,29460,26576
1383,38463,37920
1384,23729,21214
1385,23825,38245
1386,23764,37481
1387,34546,22287
1388,37871,24482
1389,37286,24119
1390,25594,24237
1391,20176,31750
1392,22082,24300
1393,23814,37733
1394,37185,20158
1395,38451,24013
1396,26786,25214
1397,25979,29555
1398,32753,26559
1399,20487,39646
1400,36995,22387
1401,27836,27061
1402,28456,30240
1403,39640,20234
1404,36303,24377
1405,34620,34597
1406,38806,26675
1407,20159,28208
1408,33211,32230
1409,28216,36716
1410,32543,29167
1411,26350,25912
1412,26853,21122
1413,31938,29179
1414,39074,20755
1415,36092,30586
1416,36938,35756
1417,33835,25361
1418,29696,35380
1419,28629,23333
1420,22569,32235
1421,23081,33098
1422,27852,21035
1423,28425,33508
1424,25491,29784
1425,20257,21093
1426,24732,20213
1427,32984,38526
1428,38481,26889
1429,21608,36313
1430,20771,34320
1431,34236,38547
1432,24315,35305
1433,35231,36266
1434,33506,37200
1435,36492,37986
1436,24923,27050
1437,35714,34824
1438,28932,32394
1439,27773,24816
1440,29536,32739
1441,31323,33816
1442,23339,35086
1443,22315,20776
1444,24513,31295
1445,21444,34266
1446,39954,26141
1447,39511,26513
1448,37480,35177
1449,35287,34869
1450,25809,32378
1451,33298,24380
1452,27621,22601
1453,33201,32788
1454,39720,34370
1455,38760,24761
1456,32965,22881
1457,25499,20402
1458,38536,33710
1459,27172,35164
1460,24729,24395
1461,21493,35977
1462,27091,23042
1463,32321,36443
1464,21761,35240
1465,28574,21047
1466,21307,20040
1467,24371,33121
1468,38484,33175
1469,32375,32582
1470,25182,33595
1471,35742,31767
1472,38683,27996
1473,22653,30933
1474,33481,33208
1475,38499,24044
1476,33165,28801
1477,24181,34986
1478,23736,35552
1479,27925,20607
1480,37171,31948
1481,31265,35496
1482,27393,37386
1483,39684,31343
1484,28742,21834
1485,30506,35053
1486,39962,20063
1487,33497,34000
1488,28470,26930
1489,21656,38156
1490,22290,30702
1491,22234,33482
1492,32240,30205
1493,22220,30897
1494,26254,28712
1495,37240,33137
1496,28384,25770
1497,23279,25269
1498,35185,32931
1499,22982,25315
1500,31698,29750
1501,26086,22840
1502,27502,34827
1503,31144,36828
1504,26428,37763
1505,34003,38672
1506,20565,26995
1507,30221,25876
1508,31818,26307
1509,34948,32437
1510,30823,33730
1511,25804,28364
1512,30547,32681
1513,22466,29722
1514,28259,22239
1515,36889,20228
1516,23234,27433
1517,36971,36392
1518,36888,33897
1519,33197,35839
1520,28757,22442
1521,34390,34649
1522,21991,30269
1523,37488,31145
1524,39413,25631
1525,29445,20744
1526,24862,23807
1527,36089,28998
1528,39117,32086
1529,26911,26980
1530,29510,38696
1531,32338,30706
1532,33129,37389
1533,20175,36276
1534,33013,35810
1535,20003,35449
1536,34420,29027
1537,22552,30433
1538,35191,27142
1539,22095,24328
1540,38910,36883
1541,36690,29544
1542,31166,29063
1543,34208,37507
1544,22240,34889
1545,25766,39509
1546,29519,37527
1547,37126,21619
1548,26392,38285
1549,30918,21724
1550,30254,34264
1551,23791,39798
1552,36006,27175
1553,39723,25958
1554,37096,36234
1555,25862,32641
1556,34769,26737
1557,33924,25580
1558,27055,38925
1559,33397,22563
1560,20248,28334
1561,23162,28726
1562,37115,33665
1563,23084,22916
1564,25494,34800
1565,26025,25303
1566,31194,25775
1567,22433,23399
1568,21091,37075
1569,28652,30502
1570,25819,31912
1571,20654,30370
1572,38978,29875
1573,21324,31223
1574,37601,36932
1575,28074,30133
1576,35764,31095
1577,26738,37777
1578,37499,32678
1579,36240,37520
1580,35503,39912
1581,30328,37940
1582,31171,32262
1583,24866,27378
1584,32911,28488
1585,33049,34404
1586,38784,31492
1587,32123,20599
1588,32157,20608
1589,32182,35122
1590,37892,21405
1591,28262,31621
1592,33336,27615
1593,26743,25813
1594,23694,23198
1595,27511,30186
1596,35456,22680
1597,36109,27535
1598,24945,23489
1599,31427,30769
1600,22248,37724
1601,31659,23023
1602,21967,32441
1603,36640,22247
1604,31902,29806
1605,37290,24845
1606,36572,27895
1607,34192,39427
1608,28836,35180
1609,21955,21387
1610,35879,20908
1611,32918,28385
1612,39415,38799
1613,39377,21654
1614,36023,25087
1615,26417,26336
1616,28976,39435
1617,39709,26967
1618,24814,32472
1619,31029,30798
1620,20205,31399
1621,31990,33073
1622,27163,32114
1623,23327,36538
1624,31443,24166
1625,21262,33035
1626,23815,29283
1627,34291,30967
1628,26054,27051
1629,32688,29653
1630,25258,27662
1631,30156,31737
1632,21111,30058
1633,39881,35594
1634,31510,21742
1635,26686,20974
1636,39692,21543
1637,37861,25617
1638,24304,38961
1639,32297,21402
1640,33640,33018
1641,38504,24598
1642,37012,28455
1643,20006,26352
1644,30540,38762
1645,39624,22145
1646,39551,39066
1647,22969,35931
1648,24291,24090
1649,30775,24975
1650,39966,27497
1651,33545,26002
1652,25161,37741
1653,26489,36679
1654,27993,39687
1655,22042,25225
1656,21075,24113
1657,37263,34271
1658,39674,37846
1659,24976,20404
1660,26869,33029
1661,29916,34085
1662,37401,22903
1663,20634,31521
1664,20549,20108
1665,34707,37559
1666,38025,27379
1667,35537,20613
1668,39893,38275
1669,36489,31371
1670,23027,39174
1671,33778,33319
1672,21839,26477
1673,36346,23515
1674,36372,24179
1675,22078,20932
1676,28065,34691
1677,29208,33225
1678,35077,38740
1679,37781,31425
1680,37301,38795
1681,35109,32160
1682,36738,27904
1683,28857,35434
1684,21231,31111
1685,20064,34937
1686,28303,39612
1687,32574,20103
1688,31416,37569
1689,27831,39177
1690,30744,25508
1691,35917,20434
1692,38393,30738
1693,33716,26615
1694,23880,20913
1695,21661,32104
1696,35860,29549
1697,35809,33616
1698,34196,24462
1699,37277,20961
1700,20217,37232
1701,36476,31087
1702,27265,22456
1703,29669,24012
1704,37895,25442
1705,34062,20041
1706,30930,33014
1707,26812,34372
1708,38907,35114
1709,27706,36151
1710,33272,26432
1711,33801,38637
1712,31498,29014
1713,37166,39826
1714,21912,39219
1715,37405,33019
1716,21182,27003
1717,25334,33384
1718,34644,33933
1719,28524,29405
1720,23673,36216
1721,35587,38705
1722,36040,37346
1723,26575,28372
1724,25561,35980
1725,25065,21046
1726,36731,35733
1727,21021,32364
1728,26255,20238
1729,28009,27918
1730,31460,33394
1731,25257,27648
1732,26007,36036
1733,25302,36478
1734,21553,28350
1735,29800,33642
1736,36479,22073
1737,30482,35572
1738,38267,23609
1739,38272,22024
1740,22775,28552
1741,34520,27977
1742,36046,35302
1743,37428,33937
1744,25395,29461
1745,24695,29788
1746,30310,28949
1747,31338,23312
1748,34500,20093
1749,30529,35289
1750,39726,31932
1751,27469,23676
1752,23952,27703
1753,37730,24324
1754,24475,23294
1755,36506,21527
1756,29607,35890
1757,35283,26124
1758,21221,31125
1759,28571,27576
1760,38812,26327
1761,35987,23562
1762,29782,30883
1763,39772,25297
1764,21121,31453
1765,30037,22989
1766,34481,31856
1767,33675,25402
1768,26790,29778
1769,27104,20606
1770,32141,36988
1771,31759,36886
1772,38049,39591
1773,22200,27736
1774,35796,24942
1775,29939,26826
1776,34198,23304
1777,38452,22992
1778,37859,30440
1779,20854,21494
1780,25796,34413
1781,29697,32701
1782,27373,24931
1783,39739,26545
1784,39238,35727
1785,20816,24275
1786,30022,28441
1787,20781,38260
1788,20126,25523
1789,33192,21549
1790,20463,35937
1791,36864,24722
1792,20161,28520
1793,28440,22634
1794,39248,26202
1795,29370,25850
1796,33206,37179
1797,33106,28937
1798,22914,24254
1799,32208,30598
1800,20500,31631
1801,27804,35275
1802,25646,37121
1803,35234,29173
1804,27116,39263
1805,30566,29248
1806,25626,37563
1807,28066,25597
1808,29166,36539
1809,23050,21547
1810,33341,20385
1811,34038,27056
1812,38466,24643
1813,27329,22816
1814,34589,35190
1815,36745,33400
1816,33314,39785
1817,26696,36343
1818,24481,28418
1819,38356,22493
1820,22176,36954
1821,25622,36763
1822,36022,28969
1823,26311,39087
1824,34169,23403
1825,24460,21810
1826,33405,25365
1827,28945,28666
1828,36727,35795
1829,34238,27734
1830,29573,28363
1831,28248,23929
1832,23034,25212
1833,31320,32381
1834,23692,21241
1835,27744,28310
1836,35145,23049
1837,38006,27596
1838,30088,24840
1839,28129,32259
1840,25558,33584
1841,34816,36823
1842,30968,25266
1843,27968,28518
1844,29817,25985
1845,38253,39598
1846,31835,36781
1847,20696,21365
1848,30127,38029
1849,29296,22817
1850,35106,21399
1851,32167,27412
1852,30287,36382
1853,26036,23053
1854,35049,23953
1855,25453,24857
1856,24881,36300
1857,29165,21061
1858,31720,26494
1859,26197,31569
1860,22619,32904
1861,28328,33813
1862,35016,25840
1863,37170,22546
1864,37671,24854
1865,20577,26348
1866,30312,23648
1867,20114,22940
1868,20851,39267
1869,27638,30456
1870,39419,24286
1871,28617,23428
1872,20480,20585
1873,38335,28164
1874,35187,38768
1875,35379,34084
1876,25968,26245
1877,33788,29234
1878,32636,33363
1879,21228,29776
1880,26170,23259
1881,20357,27489
1882,34276,23350
1883,29527,39527
1884,29799,38609
1885,39540,38501
1886,37003,24616
1887,30572,28985
1888,38918,23985
1889,30958,30627
1890,32368,30834
1891,36660,20194
1892,32647,23483
1893,21908,32041
1894,27367,36554
1895,34949,35766
1896,33373,22724
1897,32426,34721
1898,38709,22925
1899,27980,31292
1900,27035,25438
1901,28909,30747
1902,26693,34247
1903,23356,25404
1904,37960,24921
1905,31702,24589
1906,35502,36880
1907,39068,31493
1908,22360,31979
1909,38423,28195
1910,24074,21814
1911,27998,36560
1912,28133,28410
1913,26194,34044
1914,20262,21865
1915,27721,32546
1916,39060,37458
1917,23174,31113
1918,20830,22556
1919,22781,23325
1920,39677,30554
1921,26840,22500
1922,27872,22921
1923,37984,35836
1924,27972,38177
1925,31346,25505
1926,39215,25092
1927,35487,34719
1928,20105,38278
1929,20834,28547
1930,29850,20596
1931,20363,24503
1932,20764,38890
1933,25807,22438
1934,26548,36339
1935,35894,39791
1936,22730,28118
1937,34755,26648
1938,39004,21983
1939,26308,22705
1940,24155,24272
1941,22218,33477
1942,30939,36477
1943,21109,25388
1944,23657,22053
1945,36718,26316
1946,23915,21408
1947,34030,22120
1948,32803,33147
1949,34006,28509
1950,32619,34118
1951,21358,39175
1952,29313,27613
1953,20098,28351
1954,29672,28055
1955,25355,23170
1956,21624,35559
1957,37332,29504
1958,24490,30805
1959,35113,29267
1960,29032,25632
1961,20901,37729
1962,36383,39353
1963,22459,37678
1964,32149,24509
1965,32471,23076
1966,26683,39532
1967,34319,38037
1968,36079,34704
1969,30223,25314
1970,31201,27174
1971,28503,31850
1972,21250,20621
1973,22831,36725
1974,29489,33247
1975,24188,20083
1976,24623,23579
1977,35773,23541
1978,22437,30457
1979,35019,30915
1980,35351,28080
1981,34197,39079
1982,28982,29174
1983,28716,31213
1984,26649,39566
1985,37787,31058
1986,37543,39661
1987,25517,23118
1988,33043,35422
1989,32922,23606
1990,28226,39975
1991,39599,35695
1992,30797,30410
1993,21027,38936
1994,38862,32894
1995,33456,36934
1996,24469,39296
1997,20235,24889
1998,20411,31919
1999,23849,30324
2000,36688,35607
2001,23770,39012
2002,22328,20626
2003,24178,23457
2004,22034,35688
2005,37536,36059
2006,26836,30701
2007,38175,25931
2008,23359,21701
2009,26532,26045
2010,27352,23781
2011,38573,34902
2012,32735,28119
2013,22054,39292
2014,21852,26427
2015,28047,21436
2016,36913,33998
2017,27491,23000
2018,31088,25290
2019,27190,33376
2020,20540,35037
2021,32261,27198
2022,38238,22133
2023,39075,26174
2024,28776,20181
2025,29592,34323
2026,20168,37203
2027,34856,32527
2028,25746,29863
2029,21437,38131
2030,37622,24200
2031,38830,35018
2032,21544,34668
2033,39359,28314
2034,38270,34799
2035,32644,32185
2036,27830,33295
2037,29716,36840
2038,28062,37535
2039,38028,34846
2040,39576,37376
2041,34791,25465
2042,31694,24517
2043,22725,31433
2044,32795,34132
2045,24929,30299
2046,25570,39944
2047,22055,30832
2048,39920,37283
2049,30200,37582
2050,22844,30985
2051,33426,34831
2052,31756,27592
2053,28821,28997
2054,27220,31626
2055,21389,20337
2056,38694,22049
2057,28899,24348
2058,23305,23612
2059,31253,34918
2060,37469,31781
2061,39226,26248
2062,27645,20341
2063,38408,20701
2064,35969,29993
2065,34533,29225
2066,38641,32444
2067,20308,36976
2068,26215,39619
2069,39041,23965
2070,29311,34378
2071,26429,27873
2072,33783,25050
2073,39322,34907
2074,25285,25216
2075,28028,21067
2076,26814,23381
2077,29688,37905
2078,37188,31103
2079,22138,20806
2080,23590,30829
2081,35061,31817
2082,30319,37130
2083,36665,26461
2084,34786,27398
2085,23685,34787
2086,34961,28085
2087,35762,29467
2088,23401,30134
2089,32949,32279
2090,33250,37050
2091,25656,36201
2092,24429,20073
2093,20209,20966
2094,20113,30329
2095,32881,37048
2096,21455,37700
2097,24796,20956
2098,25705,32069
2099,29724,28237
2100,25642,25757
2101,21775,30363
2102,38999,25704
2103,21090,36503
2104,23567,36664
2105,29482,31855
2106,37941,34744
2107,38775,39091
2108,20134,32251
2109,27219,39482
2110,37826,20518
2111,21142,39391
2112,31908,24893
2113,20856,31109
2114,25435,33577
2115,29143,37078
2116,39979,28169
2117,33512,34250
2118,38654,31048
2119,34417,35868
2120,27360,31247
2121,34781,35840
2122,23059,38136
2123,21679,29886
2124,21587,26669
2125,24996,36395
2126,25367,37093
2127,36816,29418
2128,39293,29304
2129,20333,35811
2130,37350,26470
2131,30724,35038
2132,33691,35953
2133,26801,22554
2134,34987,26273
2135,22672,23631
2136,21133,33364
2137,39102,37806
2138,29919,34679
2139,26442,33323
2140,22008,35910
2141,24194,23937
2142,34647,33271
2143,28398,27768
2144,22351,32760
2145,21355,34421
2146,27217,21384
2147,31141,37541
2148,35543,21377
2149,29565,27863
2150,28337,24394
2151,27098,26577
2152,27670,38234
2153,31746,22684
2154,30099,22613
2155,25716,33418
2156,35553,37071
2157,32336,39656
2158,23209,22302
2159,39422,23713
2160,38853,29984
2161,22262,34429
2162,36630,36230
2163,32386,20820
2164,28659,32875
2165,24813,39841
2166,34470,20720
2167,31517,21859
2168,23626,34480
2169,23188,38755
2170,38438,33995
2171,25574,31333
2172,33585,25579
2173,21540,34029
2174,24168,36019
2175,22089,35175
2176,33516,39207
2177,21691,25096
2178,21577,22343
2179,28330,33072
2180,33809,30285
2181,26832,34103
2182,30898,35229
2183,24730,32091
2184,21316,26883
2185,33970,35257
2186,31033,28526
2187,32216,28957
2188,33016,34492
2189,28872,38165
2190,23078,20745
2191,32405,35179
2192,28408,35758
2193,36671,30206
2194,20622,31942
2195,22986,39148
2196,24592,31892
2197,39440,27326
2198,20630,37354
2199,39586,22512
2200,30820,39470
2201,29334,25002
2202,24362,20517
2203,35395,28627
2204,38926,23715
2205,29878,34237
2206,27681,20949
2207,26189,21238
2208,27364,38836
2209,26441,21657
2210,29668,33767
2211,35838,39607
2212,20023,33794
2213,33944,23542
2214,39133,22188
2215,22778,26838
2216,37839,37766
2217,20409,20955
2218,29034,36447
2219,22000,22249
2220,23491,21040
2221,39680,25744
2222,37782,37036
2223,32255,36790
2224,37796,27803
2225,34021,31582
2226,29628,30858
2227,24750,26059
2228,38182,35778
2229,37756,36239
2230,39903,30998
2231,32568,26927
2232,34766,28649
2233,24892,37472
2234,21099,25224
2235,21217,24441
2236,29395,20005
2237,39118,31297
2238,23642,29980
2239,29654,22383
2240,38042,34838
2241,23988,36073
2242,39002,24467
2243,35488,30172
2244,24498,36195
2245,30743,30971
2246,33382,20353
2247,39124,39150
2248,29420,22599
2249,30178,24076
2250,36820,26700
2251,28653,30956
2252,35588,23808
2253,28246,30012
2254,27844,36482
2255,21395,30469
2256,28015,31389
2257,21721,34042
2258,32469,36579
2259,21842,21292
2260,36685,32007
2261,25059,34277
2262,38951,36542
2263,20155,22576
2264,23210,35549
2265,25362,39752
2266,38583,30177
2267,32020,31035
2268,25959,34128
2269,36601,37947
2270,23720,39539
2271,36251,25854
2272,20860,21668
2273,33105,23480
2274,30303,36441
2275,20214,37137
2276,32062,23035
2277,35151,38395
2278,36200,37383
2279,39288,33542
2280,23940,25151
2281,38105,21471
2282,28287,25680
2283,27947,33999
2284,24118,31179
2285,20804,21785
2286,29096,33167
2287,37927,29557
2288,30600,35098
2289,20594,21359
2290,22802,25429
2291,30582,24700
2292,38269,33115
2293,38203,21627
2294,34076,27338
2295,24058,22368
2296,37278,26027
2297,28900,30563
2298,31050,33251
2299,29616,30773
2300,32711,20529
2301,32978,39779
2302,20683,28111
2303,28493,37591
2304,39825,28069
2305,26724,33153
2306,35374,35997
2307,23971,39600
2308,33864,22461
2309,37308,29971
2310,22153,25392
2311,28929,32144
2312,32631,20342
2313,34535,20485
2314,26564,31241
2315,21872,23443
2316,38558,20906
2317,29733,33695
2318,27133,33173
2319,38403,28587
2320,20314,29960
2321,32351,27557
2322,24257,23283
2323,29117,33101
2324,38969,24478
2325,30104,30718
2326,30117,22496
2327,32818,26829
2328,28392,38001
2329,27888,29196
2330,37269,24070
2331,39114,20206
2332,32117,25699
2333,34243,23934
2334,27857,38912
2335,30046,30242
2336,25348,30132
2337,35000,31646
2338,31165,29018
2339,33415,23980
2340,32706,34223
2341,25394,21885
2342,39302,29348
2343,24564,21692
2344,37257,20660
2345,36140,33652
2346,31630,28938
2347,34210,27500
2348,31880,39759
2349,28041,26753
2350,25768,33329
2351,26813,26986
2352,20241,24635
2353,28474,27916
2354,36634,30027
2355,21168,26844
2356,33430,27630
2357,34629,25128
2358,24256,33648
2359,22841,23115
2360,28759,28939
2361,35623,29673
2362,21546,26164
2363,21719,22298
2364,23619,30215
2365,33722,38595
2366,36171,35032
2367,37483,31760
2368,31330,31709
2369,38171,29408
2370,33217,38180
2371,28626,25798
2372,39736,28671
2373,37030,36985
2374,36016,26173
2375,30799,20705
2376,25681,35951
2377,22756,31711
2378,30124,36524
2379,39029,24223
2380,31378,30938
2381,32270,23512
2382,22472,24599
2383,22771,23335
2384,31049,36081
2385,24821,27446
2386,28444,29083
2387,31889,36032
2388,33306,37331
2389,30246,31576
2390,33268,27268
2391,20740,28887
2392,34723,35628
2393,28580,32849
2394,29636,27314
2395,29680,39247
2396,23450,38535
2397,25952,20590
2398,32668,33193
2399,25586,27280
2400,27205,38366
2401,38758,31071
2402,30734,30477
2403,35436,25596
2404,23080,28771
2405,21574,25043
2406,24648,32740
2407,22952,24009
2408,37008,37452
2409,32807,23767
2410,22498,26619
2411,36991,37255
2412,39475,29793
2413,30358,32458
2414,39919,33368
2415,23230,20119
2416,30490,33567
2417,36384,30026
2418,22159,22628
2419,34832,36785
2420,26778,37451
2421,22359,27597
2422,39256,26974
2423,21470,26816
2424,23675,38805
2425,35101,29353
2426,24376,33557
2427,29838,23029
2428,35135,22349
2429,36906,38750
2430,23610,20981
2431,39210,30630
2432,38690,30679
2433,36761,24263
2434,34810,30475
2435,23506,35082
2436,39103,20836
2437,21392,28734
2438,28989,25459
2439,37746,24051
2440,31869,29383
2441,22430,39047
2442,30074,26873
2443,28050,32067
2444,31736,31375
2445,36811,32775
2446,24000,36075
2447,36984,27756
2448,24470,31497
2449,32343,36776
2450,26440,36658
2451,31897,24125
2452,39778,21380
2453,24764,36611
2454,23785,38788
2455,33436,24014
2456,30439,25554
2457,24987,22918
2458,34845,31302
2459,22093,37963
2460,35307,31299
2461,37600,32460
2462,37883,26176
2463,33704,36923
2464,23372,20532
2465,36381,20151
2466,23466,26897
2467,35744,34259
2468,36914,23345
2469,28915,32673
2470,31933,35578
2471,20527,26278
2472,20972,29748
2473,33398,33489
2474,25981,31008
2475,22425,23223
2476,21946,35556
2477,37586,21370
2478,22972,36576
2479,24634,37197
2480,20281,38610
2481,35567,23446
2482,22297,39548
2483,28877,25818
2484,32591,34964
2485,32844,30550
2486,24633,23978
2487,33541,36212
2488,29446,37251
2489,31221,29009
2490,37521,24956
2491,21963,39342
2492,30678,20893
2493,35412,26015
2494,27316,23186
2495,26924,22167
2496,20503,20418
2497,28800,22271
2498,22718,32265
2499,34783,21117
2500,38123,31014
2501,35276,29823
2502,37770,37776
2503,24448,24349
2504,38079,32360
2505,29401,23105
2506,21585,38653
2507,39507,28149
2508,39212,21490
2509,23649,20043
2510,35981,37151
2511,34896,27806
2512,21754,25185
2513,35091,32489
2514,34984,27727
2515,34048,20132
2516,31568,32445
2517,23358,36192
2518,20990,36608
2519,36246,38751
2520,25488,20589
2521,23268,24163
2522,21333,21658
2523,26110,35345
2524,37100,36396
2525,28460,38555
2526,25520,29918
2527,20506,37349
2528,34257,35519
2529,32755,33922
2530,29151,22765
2531,21073,20507
2532,36836,36686
2533,21266,33707
2534,25251,38791
2535,32137,35165
2536,37193,38686
2537,29485,35217
2538,38883,27435
2539,26003,38261
2540,34510,21203
2541,23240,28731
2542,27038,26560
2543,33635,27118
2544,33475,36724
2545,27851,31543
2546,36156,37835
2547,30252,23695
2548,31738,21435
2549,27147,38323
2550,23178,30524
2551,31370,25848
2552,31336,39845
2553,20926,39840
2554,34423,34241
2555,31852,38567
2556,27413,29472
2557,28411,31578
2558,32794,35088
2559,23347,23066
2560,30636,20544
2561,29933,23436
2562,25908,31768
2563,38146,39362
2564,23917,24526
2565,33017,25711
2566,22731,27952
2567,28428,32423
2568,26143,38337
2569,25815,29005
2570,21501,31463
2571,20513,30969
2572,37184,35406
2573,32781,25683
2574,35789,28794
2575,28206,25089
2576,20945,28967
2577,38662,28618
2578,26360,22058
2579,33270,23098
2580,24827,32164
2581,32399,20352
2582,37690,25899
2583,26976,37993
2584,21560,36666
2585,28331,23932
2586,29294,27208
2587,27920,26380
2588,38167,26198
2589,21291,29410
2590,28947,34122
2591,34040,38246
2592,21953,39478
2593,22900,35904
2594,39727,28802
2595,35195,27084
2596,36925,22291
2597,21106,27610
2598,27125,24403
2599,32714,35792
2600,30161,36924
2601,31558,31210
2602,21528,37976
2603,35523,34861
2604,31668,20462
2605,29912,38198
2606,37722,32384
2607,23395,22175
2608,28135,35921
2609,32498,24317
2610,36846,38185
2611,24653,24253
2612,30668,37111
2613,35824,31857
2614,32605,27117
2615,27082,22223
2616,20580,37783
2617,38783,38747
2618,34645,31278
2619,23704,30019
2620,25670,34867
2621,28876,34549
2622,35684,26880
2623,20665,22648
2624,30275,27935
2625,34176,27065
2626,25382,34499
2627,27991,34763
2628,27970,27013
2629,22795,29099
2630,20545,23203
2631,25450,23884
2632,33389,28502
2633,25610,36203
2634,35743,38077
2635,37352,25300
2636,31660,34346
2637,32761,20888
2638,23588,26069
2639,25272,23064
2640,37426,21938
2641,30839,20605
2642,25608,27183
2643,39994,28016
2644,38173,21713
2645,34953,31813
2646,34061,39453
2647,29297,32726
2648,34120,27249
2649,34941,33383
2650,29577,26952
2651,31331,26445
2652,32822,33041
2653,35964,34422
2654,28604,26421
2655,34159,29468
2656,34281,29552
2657,38847,31434
2658,35306,38509
2659,24853,27250
2660,20674,36655
2661,27843,28035
2662,20448,23758
2663,33837,28439
2664,38703,21776
2665,20935,27036
2666,25988,24301
2667,33027,28039
2668,28045,21638
2669,34186,25903
2670,26411,30241
2671,25012,20317
2672,29333,30305
2673,38895,22278
2674,38632,27427
2675,20845,29443
2676,20208,29981
2677,25236,23423
2678,37916,26012
2679,38995,39282
2680,21338,36157
2681,39476,25131
2682,21232,36958
2683,38957,36334
2684,27206,21581
2685,28029,35007
2686,29471,29038
2687,35705,28442
2688,37938,37254
2689,39625,29618
2690,39884,22338
2691,21364,21982
2692,35011,37477
2693,22668,23578
2694,21879,22178
2695,31959,27682
2696,30468,23725
2697,36684,38739
2698,34045,28914
2699,33932,25992
2700,36114,35908
2701,31155,20739
2702,21096,30056
2703,24810,38392
2704,32955,39853
2705,20461,36365
2706,30465,35293
2707,25817,20894
2708,22127,38909
2709,32293,38607
2710,22391,25440
2711,30617,37786
2712,27614,25781
2713,28816,38769
2714,25038,39976
2715,33316,22186
2716,33116,35905
2717,23638,32174
2718,35078,21459
2719,39436,31036
2720,23379,35901
2721,32166,30539
2722,38362,22877
2723,28106,21149
2724,31306,31219
2725,25636,21535
2726,20756,22959
2727,20866,31136
2728,27029,22499
2729,32941,21989
2730,28499,27680
2731,23238,21200
2732,26286,21409
2733,30397,38218
2734,29566,23241
2735,33440,36018
2736,22305,28655
2737,37021,30651
2738,22420,34382
2739,20625,21882
2740,37001,30881
2741,30300,28522
2742,32825,28864
2743,29692,33690
2744,27807,27900
2745,34004,27754
2746,20200,26088
2747,20271,22626
2748,31812,34686
2749,35233,21845
2750,25551,38444
2751,21386,24022
2752,21704,36273
2753,38870,21952
2754,36020,23537
2755,24954,39972
2756,28508,27000
2757,21820,23755
2758,32623,23374
2759,34917,38094
2760,20831,35761
2761,21009,28665
2762,27808,21403
2763,29767,37831
2764,29578,23753
2765,38669,32102
2766,27451,32118
2767,28523,25210
2768,35269,33850
2769,36778,24944
2770,27221,38929
2771,29490,24522
2772,28037,22067
2773,30621,21951
2774,37474,22654
2775,20334,25244
2776,24145,36118
2777,26338,35625
2778,22751,27302
2779,32318,38718
2780,29101,32309
2781,23275,22194
2782,21110,31777
2783,35569,23038
2784,22996,37205
2785,21606,23057
2786,26475,32082
2787,37449,31345
2788,22855,37158
2789,28228,22099
2790,34587,37598
2791,30244,22536
2792,38553,36285
2793,29507,28862
2794,27149,23183
2795,34190,27397
2796,32232,20601
2797,30961,27252
2798,39730,39233
2799,27087,38941
2800,22872,38431
2801,39095,27444
2802,21147,26940
2803,29251,20167
2804,23684,26718
2805,27160,22080
2806,23731,30995
2807,29053,32565
2808,36108,29755
2809,35797,38530
2810,23138,29226
2811,32811,31004
2812,24523,24647
2813,22415,39761
2814,21268,20927
2815,29213,36357
2816,26638,37035
2817,21934,39859
2818,37555,37955
2819,27401,25254
2820,31146,25357
2821,20319,37198
2822,22457,33310
2823,35771,20495
2824,23187,27272
2825,33561,35787
2826,23484,32054
2827,35630,36651
2828,25811,30050
2829,20011,36254
2830,34448,32212
2831,26474,32488
2832,20707,32168
2833,38188,39064
2834,38195,31751
2835,33286,22833
2836,21145,25858
2837,34864,20699
2838,23263,39721
2839,25868,25785
2840,26876,22733
2841,32332,33253
2842,35669,27376
2843,29400,22708
2844,24528,24234
2845,30976,38083
2846,36463,29394
2847,30438,20728
2848,32639,26879
2849,24818,27588
2850,22745,20508
2851,38435,20941
2852,22397,35131
2853,34023,30388
2854,33776,24918
2855,24703,25346
2856,21562,36979
2857,37327,37658
2858,37303,30049
2859,33723,21281
2860,34144,28270
2861,23320,37273
2862,35226,25599
2863,28775,23885
2864,33795,36270
2865,37313,21565
2866,23393,36052
2867,35654,22686
2868,20062,30548
2869,38361,38937
2870,20912,36467
2871,36911,21062
2872,27731,30064
2873,22168,36409
2874,34801,23280
2875,31734,31994
2876,30149,21611
2877,37065,38244
2878,34770,25776
2879,37838,36444
2880,30336,33667
2881,37530,39084
2882,29845,27579
2883,37370,35746
2884,25322,28501
2885,25930,37554
2886,24195,31780
2887,28110,37282
2888,22423,25778
2889,25732,34971
2890,34455,34386
2891,20643,33683
2892,35577,37571
2893,39018,24131
2894,22181,39021
2895,30091,22495
2896,35009,26376
2897,26699,27148
2898,24083,24744
2899,36248,31934
2900,25556,20327
2901,38942,24019
2902,33084,36435
2903,26155,26415
2904,24776,23706
2905,26296,22373
2906,34117,29509
2907,37294,34428
2908,22265,34576
2909,28123,36626
2910,25194,36232
2911,37404,31945
2912,31609,20000
2913,38904,32684
2914,31349,23834
2915,20858,37602
2916,33409,35551
2917,20444,29111
2918,38101,34677
2919,36737,38615
2920,32266,32730
2921,20727,22413
2922,37646,30965
2923,35127,34273
2924,35973,27786
2925,21552,30250
2926,24330,32224
2927,33871,31653
2928,36126,34606
2929,31743,35153
2930,24586,38487
2931,33445,30789
2932,22610,37234
2933,21828,38691
2934,23699,37745
2935,37711,33884
2936,31154,36337
2937,39158,39022
2938,21310,33892
2939,34804,24031
2940,35638,21720
2941,26034,23498
2942,23153,28799
2943,34046,21592
2944,30393,34567
2945,33002,38264
2946,21422,34279
2947,29275,31444
2948,37647,35843
2949,38338,26770
2950,38359,35511
2951,30036,39520
2952,26303,29219
2953,20920,24055
2954,38125,30714
2955,37649,34585
2956,38649,26712
2957,21542,38723
2958,30095,34738
2959,35929,37026
2960,22480,20793
2961,22392,33094
2962,30954,27295
2963,37811,27626
2964,32313,23482
2965,34354,30374
2966,21768,26331
2967,36111,21368
2968,22836,39992
2969,26988,27052
2970,21671,36380
2971,25206,27635
2972,34055,27764
2973,29783,27240
2974,38485,26710
2975,28198,35130
2976,20367,27162
2977,38317,29212
2978,33078,39613
2979,24666,20761
2980,36144,26903
2981,29292,23538
2982,29723,35182
2983,38190,28357
2984,31710,24378
2985,38582,31726
2986,36708,34529
2987,29598,39161
2988,30236,35241
2989,29326,22651
2990,24782,22063
2991,34693,23017
2992,32204,39575
2993,21086,35492
2994,28778,38608
2995,26823,27291
2996,38554,34779
2997,20467,24920
2998,29792,23143
2999,35328,24530
3000,29106,35194
3001,22263,20037
3002,31941,39782
3003,39307,25767
3004,29659,22917
3005,31381,25191
3006,30333,34135
3007,34234,39849
3008,27516,25955
3009,38700,37867
3010,33915,29982
3011,20384,34433
3012,31958,33261
3013,39635,37284
3014,39145,25323
3015,37768,37844
3016,20653,32162
3017,21514,24618
3018,24880,36987
3019,28536,35956
3020,20197,36746
3021,28064,20294
3022,29041,23986
3023,37402,35474
3024,35372,20399
3025,39889,29238
3026,21823,38189
3027,28710,32206
3028,26328,33756
3029,27899,25708
3030,24435,35481
3031,34942,35833
3032,33973,33421
3033,33509,22258
3034,31359,35793
3035,20300,30136
3036,21187,24804
3037,28342,26975
3038,36153,25208
3039,21039,22463
3040,32560,32699
3041,31884,33369
3042,30988,27674
3043,30794,35757
3044,25735,22534
3045,39387,28193
3046,33337,23854
3047,36990,33040
3048,38924,33946
3049,38628,29952
3050,21195,38824
3051,35517,39879
3052,35586,37450
3053,30404,37625
3054,39259,38826
3055,22508,26480
3056,38522,25563
3057,34086,31205
3058,20695,31844
3059,27981,22237
3060,31160,24548
3061,34451,38441
3062,22288,26355
3063,26618,27188
3064,26232,24339
3065,22274,25527
3066,34251,33393
3067,20133,39306
3068,35895,35822
3069,22942,31546
3070,20970,33582
3071,39399,20490
3072,23820,33747
3073,34674,31358
3074,30711,29146
3075,33718,39157
3076,37901,34438
3077,31657,24979
3078,25413,30028
3079,32697,21297
3080,26810,23780
3081,22259,37175
3082,22946,26915
3083,39620,33501
3084,34303,37325
3085,23069,34586
3086,37055,27565
3087,22191,25637
3088,23566,26642
3089,31649,34802
3090,27335,34724
3091,38639,25820
3092,21273,30587
3093,36862,31617
3094,38764,31308
3095,37230,23672
3096,33179,39813
3097,29892,20862
3098,38427,26833
3099,37289,21576
3100,34174,34665
3101,22798,35993
3102,30632,29320
3103,29638,23289
3104,39852,38342
3105,35765,20004
3106,25538,26299
3107,25832,34884
3108,29983,23195
3109,27408,26877
3110,32490,39142
3111,31673,33146
3112,22478,29372
3113,25524,24815
3114,32520,23205
3115,35568,25483
3116,39503,22482
3117,24103,22061
3118,22641,39717
3119,37242,25155
3120,30467,38062
3121,26334,30245
3122,28435,28232
3123,22723,39484
3124,34282,26211
3125,23640,29347
3126,38835,24676
3127,27462,33866
3128,29840,26023
3129,27216,23130
3130,35851,34600
3131,22945,38793
3132,38713,20994
3133,39652,21450
3134,28702,34342
3135,38946,30304
3136,37438,25360
3137,35181,33552
3138,24757,24396
3139,28537,32621
3140,27849,39154
3141,38817,33144
3142,30720,33839
3143,26530,20546
3144,36692,21461
3145,30580,32372
3146,29753,24824
3147,28346,24216
3148,22479,20270
3149,23504,28190
3150,28496,38404
3151,31598,31127
3152,28873,36843
3153,21965,33604
3154,38279,21013
3155,21318,23244
3156,20014,22767
3157,33219,36376
3158,28371,33138
3159,31225,35493
3160,21569,36643
3161,23846,39420
3162,34914,23830
3163,31131,30281
3164,20343,32513
3165,38651,35609
3166,28376,31000
3167,24061,20533
3168,23473,38943
3169,22450,27144
3170,26076,37014
3171,32316,20272
3172,39303,38259
3173,27609,36933
3174,38406,29842
3175,26216,31339
3176,35886,31968
3177,24260,30987
3178,20223,20157
3179,30772,36929
3180,34550,38202
3181,29388,25474
3182,30604,28722
3183,21366,28256
3184,23777,34102
3185,23621,37889
3186,38729,26849
3187,33493,36805
3188,21623,27745
3189,33276,21064
3190,28777,34967
3191,30880,31721
3192,31588,32267
3193,35280,29693
3194,34313,23800
3195,37435,33046
3196,30736,32632
3197,24121,34996
3198,30130,36719
3199,36410,31488
3200,27881,33291
3201,23016,31566
3202,25949,36225
3203,25356,31806
3204,26969,38436
3205,33729,27963
3206,31186,26563
3207,32156,27182
3208,39106,21530
3209,29352,31162
3210,22316,35881
3211,25309,23298
3212,28548,32569
3213,30850,28008
3214,25692,35720
3215,31340,28961
3216,23179,34636
3217,37651,33317
3218,21950,22030
3219,29136,31328
3220,31684,39614
3221,38204,32789
3222,31364,36310
3223,28043,30103
3224,32661,35327
3225,28902,25737
3226,28906,34826
3227,35337,30684
3228,29704,39814
3229,35876,36617
3230,36278,35469
3231,22915,33906
3232,39715,29924
3233,34602,33296
3234,31478,35051
3235,32601,28067
3236,28081,30075
3237,31202,25865
3238,28893,29677
3239,22791,26762
3240,22553,32674
3241,21123,21463
3242,32558,28324
3243,29362,20441
3244,23013,27200
3245,26405,33644
3246,37409,30025
3247,34306,27923
3248,35163,34173
3249,20443,23192
3250,20287,32389
3251,22646,31249
3252,20481,35651
3253,23936,32772
3254,26153,35340
3255,30059,35616
3256,39452,23433
3257,35246,26817
3258,32237,39504
3259,23349,36281
3260,32749,34123
3261,39020,28071
3262,24386,21981
3263,29413,26140
3264,28916,30848
3265,25844,35397
3266,20668,34267
3267,39461,35534
3268,25592,31075
3269,32187,20835
3270,24828,28094
3271,34829,28844
3272,38247,24778
3273,30325,35862
3274,22535,24421
3275,39297,38980
3276,27301,35443
3277,28282,32669
3278,38495,39107
3279,22984,35169
3280,30203,30227
3281,29300,22051
3282,26703,35125
3283,26324,26463
3284,29719,31798
3285,23014,28697
3286,30208,21729
3287,37562,28380
3288,31268,28529
3289,28819,30463
3290,24215,33204
3291,27404,20382
3292,34575,37994
3293,33356,36553
3294,33148,24664
3295,34119,36373
3296,28170,21746
3297,36989,26057
3298,32515,27664
3299,35978,28897
3300,25368,36449
3301,20525,30402
3302,24762,31173
3303,27944,26925
3304,20873,24947
3305,27741,25462
3306,20394,34854
3307,21165,21557
3308,20944,30426
3309,29363,29440
3310,31182,27074
3311,23858,35137
3312,32106,38823
3313,37513,35848
3314,25364,32078
3315,36620,33036
3316,28403,32562
3317,21351,28481
3318,28886,26970
3319,35769,32542
3320,37157,30788
3321,29651,34792
3322,34596,23030
3323,36856,29553
3324,21352,29635
3325,36404,35546
3326,23455,20365
3327,35036,20128
3328,33554,35425
3329,27722,30008
3330,24449,32283
3331,20465,28464
3332,25914,36328
3333,20711,21043
3334,32474,21738
3335,30261,20332
3336,38570,37966
3337,37762,20069
3338,25640,27153
3339,38948,29725
3340,36275,20832
3341,27481,37674
3342,23094,30399
3343,35856,28578
3344,25122,35329
3345,27089,32975
3346,22722,34865
3347,34716,24102
3348,32163,23977
3349,22163,37800
3350,31114,38416
3351,29278,21417
3352,23838,30271
3353,31753,22497
3354,29978,25995
3355,22570,26134
3356,31890,38880
3357,32799,20737
3358,35668,26767
3359,27833,38274
3360,28148,24356
3361,39942,39668
3362,35346,38828
3363,34467,29299
3364,32838,32821
3365,31731,20172
3366,31819,27600
3367,24312,39793
3368,20325,28127
3369,33012,22037
3370,35500,38201
3371,20049,20767
3372,28049,33930
3373,23655,25994
3374,28187,32033
3375,26092,37624
3376,22110,25129
3377,31651,27366
3378,25514,27956
3379,38148,25247
3380,33487,38844
3381,25743,35360
3382,29103,34441
3383,29911,25376
3384,33313,29459
3385,38211,26687
3386,30000,34211
3387,39269,26406
3388,38445,29223
3389,34968,31805
3390,25451,39831
3391,33988,33009
3392,38325,22400
3393,26384,27422
3394,25230,36711
3395,28814,25238
3396,23547,25831
3397,39711,39538
3398,38326,22358
3399,29706,23728
3400,23983,38623
3401,33872,23960
3402,23397,23997
3403,26827,24654
3404,37061,25000
3405,27730,25555
3406,29355,22333
3407,21150,28546
3408,27139,29264
3409,38861,36480
3410,25202,22455
3411,27090,22370
3412,24718,22293
3413,21391,30696
3414,22698,21112
3415,20381,39857
3416,37149,26987
3417,36528,35111
3418,21933,23318
3419,39794,29777
3420,26476,28020
3421,29129,20611
3422,33258,37101
3423,20938,29064
3424,22371,26850
3425,24977,25384
3426,39265,37821
3427,31231,37988
3428,37161,26219
3429,32936,29883
3430,38638,27154
3431,30751,27886
3432,28450,38887
3433,26898,38373
3434,26179,35701
3435,27475,33992
3436,24719,39242
3437,34797,25433
3438,20752,28024
3439,30158,39128
3440,26731,36105
3441,27748,37339
3442,39648,23500
3443,21579,35354
3444,26635,33670
3445,30405,27276
3446,37534,30731
3447,23043,34054
3448,30644,29328
3449,26936,35420
3450,28834,30578
3451,22717,32115
3452,26716,25020
3453,38599,32750
3454,28160,35286
3455,27542,35068
3456,25489,31530
3457,21832,26794
3458,27073,30398
3459,36358,33912
3460,29312,32596
3461,32630,37231
3462,24904,20048
3463,22097,37663
3464,25604,26205
3465,26764,30001
3466,28558,37664
3467,32999,28768
3468,33896,39705
3469,26093,31774
3470,37747,30680
3471,20658,26521
3472,39986,35585
3473,24383,24751
3474,27643,29586
3475,29764,28381
3476,24400,24265
3477,29123,26387
3478,33594,21970
3479,37757,34921
3480,20992,39005
3481,38618,31377
3482,30941,39594
3483,33952,37849
3484,36858,34940
3485,39742,23519
3486,33226,37546
3487,38057,36113
3488,24831,36062
3489,38240,32143
3490,20416,26981
3491,25478,28507
3492,27950,27798
3493,36674,37539
3494,20624,33433
3495,27196,24333
3496,21769,20438
3497,22136,34490
3498,36568,33242
3499,24082,24971
3500,32901,28890
3501,30843,37780
3502,22045,31975
3503,23860,30643
3504,27724,36537
3505,26610,29071
3506,25585,32339
3507,31612,21166
3508,34001,23314
3509,30094,35816
3510,37728,30189
3511,20917,28764
3512,32346,26671
3513,20946,29309
3514,34735,35656
3515,32482,31970
3516,32205,26501
3517,25336,33048
3518,35850,20898
3519,26145,28033
3520,24886,37270
3521,39371,36271
3522,32938,25829
3523,26228,34825
3524,23861,34214
3525,24204,20264
3526,37077,26788
3527,25696,33140
3528,29094,31647
3529,35916,30496
3530,35723,20424
3531,37072,23765
3532,39331,26631
3533,36793,24675
3534,31529,26602
3535,37064,31745
3536,24642,26913
3537,27726,24466
3538,38744,33913
3539,36552,34588
3540,25842,34746
3541,34244,36469
3542,26670,33630
3543,35532,29959
3544,22199,26834
3545,36359,35167
3546,37832,24959
3547,32209,30928
3548,21837,22023
3549,31504,35210
3550,36682,29148
3551,38005,32058
3552,23774,29907
3553,32599,28851
3554,22257,29639
3555,37931,36714
3556,33050,21976
3557,24570,37588
3558,32005,26201
3559,33824,25171
3560,21278,36333
3561,38051,27181
3562,31984,32317
3563,29453,28115
3564,39240,30574
3565,28746,30154
3566,22267,36291
3567,31376,29048
3568,22454,30661
3569,34347,39460
3570,25313,23761
3571,21381,25027
3572,28201,29195
3573,39666,37650
3574,34127,20676
3575,32704,24875
3576,28231,24891
3577,33070,34019
3578,22117,21183
3579,27173,20789
3580,24415,38746
3581,34847,26294
3582,23957,24966
3583,23171,26527
3584,26818,34469
3585,34381,35455
3586,33637,25942
3587,34739,29676
3588,23424,25904
3589,32014,34908
3590,33949,29965
3591,39571,33457
3592,28097,24797
3593,26637,29650
3594,36927,20645
3595,23847,25510
3596,33769,20934
3597,34866,38119
3598,26714,20079
3599,28007,27699
3600,37280,27940
3601,31303,28806
3602,31089,20386
3603,26984,26598
3604,21741,22075
3605,29375,27211
3606,32903,28168
3607,27785,33058
3608,36829,36980
3609,39523,25175
3610,34430,38619
3611,29819,39719
3612,34788,36297
3613,38419,22085
3614,33425,29114
3615,25837,32066
3616,38413,37307
3617,22707,34225
3618,28766,31627
3619,39695,20982
3620,37508,23651
3621,25048,33609
3622,28197,23353
3623,22331,29423
3624,21484,26042
3625,35682,35083
3626,29323,31585
3627,28021,38534
3628,27121,35621
3629,24698,27152
3630,25057,34212
3631,34377,21920
3632,28326,34221
3633,21570,24270
3634,34458,36132
3635,25787,34796
3636,38710,37827
3637,30884,24655
3638,36264,34592
3639,34074,27093
3640,28053,29209
3641,35889,38901
3642,26186,36599
3643,21285,33285
3644,38377,32023
3645,31190,20535
3646,21891,37504
3647,39367,29155
3648,23701,31803
3649,21781,35955
3650,37176,28530
3651,26017,20182
3652,25168,31916
3653,28473,23149
3654,39042,35126
3655,23184,30192
3656,38674,35941
3657,32523,25117
3658,34933,30083
3659,31952,38645
3660,33097,28927
3661,33863,37708
3662,36562,28478
3663,37051,38099
3664,28695,36676
3665,36183,26905
3666,37366,21227
3667,24662,25466
3668,28643,38944
3669,30929,23136
3670,31921,30085
3671,25891,37595
3672,28583,21889
3673,29295,35188
3674,27926,32937
3675,35470,39922
3676,27908,29956
3677,27537,23798
3678,30639,34415
3679,29931,26956
3680,22322,31300
3681,36429,33118
3682,25532,25500
3683,36115,21118
3684,22116,25763
3685,32028,24806
3686,34725,32992
3687,37509,36224
3688,35589,39273
3689,29786,28858
3690,36168,23794
3691,32853,32410
3692,36627,22404
3693,27346,34525
3694,31882,34289
3695,34675,25568
3696,20055,36604
3697,27480,24011
3698,30657,20823
3699,31552,23218
3700,23733,27479
3701,24629,38722
3702,29030,37190
3703,35146,26471
3704,34031,31490
3705,36702,30609
3706,22192,32893
3707,27313,37752
3708,38685,33023
3709,39783,28249
3710,32977,35023
3711,39337,25431
3712,28884,20558
3713,28724,25624
3714,39741,32002
3715,36779,34036
3716,31658,32773
3717,31913,21558
3718,39076,29809
3719,23386,22250
3720,39935,21847
3721,21822,28605
3722,29022,20501
3723,37936,27463
3724,26607,24158
3725,21870,34312
3726,25698,32765
3727,23510,30664
3728,25827,31237
3729,22558,29632
3730,32842,24249
3731,32406,37987
3732,38779,31244
3733,35957,25246
3734,22820,36407
3735,35220,34671
3736,39665,22966
3737,20999,21218
3738,31842,24160
3739,25509,27429
3740,24086,24335
3741,37323,35869
3742,20019,24935
3743,34764,26357
3744,39593,30783
3745,32457,20131
3746,28175,21618
3747,32529,30519
3748,34057,31801
3749,27365,34315
3750,22452,22173
3751,22335,39381
3752,20089,22284
3753,22166,25674
3754,36237,39385
3755,25611,38684
3756,37998,31309
3757,29736,27866
3758,35725,20664
3759,32882,32221
3760,38143,39552
3761,28743,39795
3762,39193,30341
3763,36622,27636
3764,28434,33858
3765,20242,27514
3766,27561,34071
3767,27215,26224
3768,33634,23462
3769,23394,33289
3770,32234,33960
3771,33038,27189
3772,33095,37005
3773,35472,38407
3774,24937,20338
3775,30448,25359
3776,24491,33724
3777,29997,37670
3778,21412,27057
3779,37455,36522
3780,22910,32046
3781,31198,29808
3782,21466,28869
3783,39961,27805
3784,27979,33333
3785,24433,38258
3786,29259,37932
3787,37361,21401
3788,37964,20118
3789,33580,21069
3790,37854,27554
3791,29559,28003
3792,24318,26504
3793,29798,37876
3794,38420,23255
3795,37818,20366
3796,25301,24439
3797,35266,24637
3798,24665,26354
3799,37990,33067
3800,28255,36421
3801,22679,33485
3802,27045,39081
3803,25721,26941
3804,31218,30975
3805,39816,26203
3806,39444,21873
3807,28848,20985
3808,24240,21961
3809,23869,20519
3810,37448,32993
3811,39376,29832
3812,32528,22346
3813,36712,33986
3814,25229,33428
3815,20050,36335
3816,33761,24289
3817,24231,25736
3818,25928,24164
3819,27974,34065
3820,22190,26314
3821,39411,38579
3822,26237,35611
3823,22208,21326
3824,24247,23299
3825,30635,32869
3826,29642,23796
3827,33876,29187
3828,36513,39258
3829,20807,21693
3830,33444,37287
3831,37915,25897
3832,23812,37347
3833,20324,22170
3834,32594,29474
3835,22878,21051
3836,28415,22241
3837,26326,34842
3838,30945,35454
3839,22072,33958
3840,21415,26047
3841,39310,31608
3842,29385,23503
3843,36514,26403
3844,27772,39934
3845,24149,22692
3846,22197,36774
3847,35440,34819
3848,26682,36400
3849,36749,22700
3850,38242,33320
3851,31591,27794
3852,36555,20095
3853,27016,25028
3854,36481,26756
3855,39156,34594
3856,23108,24705
3857,39300,31412
3858,39368,20896
3859,34078,25602
3860,39755,26990
3861,30222,36974
3862,36137,22760
3863,36433,22441
3864,23421,37091
3865,27559,28354
3866,27138,33438
3867,20829,29222
3868,29177,35527
3869,33195,26916
3870,26534,27347
3871,26796,26341
3872,21360,39543
3873,32713,36680
3874,29501,26234
3875,21722,20731
3876,30318,35043
3877,31976,36061
3878,29563,29743
3879,24004,21308
3880,28956,20783
3881,38511,28293
3882,33812,31209
3883,30752,33742
3884,25443,39615
3885,23752,35476
3886,28058,35751
3887,31589,36817
3888,37419,37760
3889,24299,36827
3890,36350,23384
3891,23914,35745
3892,28846,26797
3893,24207,36642
3894,30650,33902
3895,25436,21727
3896,24109,26535
3897,32888,25977
3898,38184,29833
3899,24346,38313
3900,37934,20628
3901,22886,35891
3902,37494,21048
3903,31853,36800
3904,25803,24485
3905,22721,34621
3906,33125,34966
3907,20419,23544
3908,36267,27897
3909,29860,21164
3910,23083,36855
3911,23693,26000
3912,39202,21477
3913,31199,29422
3914,27126,20051
3915,27945,32862
3916,34676,24620
3917,30856,38734
3918,30655,37937
3919,35970,36097
3920,21918,39872
3921,39082,32873
3922,34598,34927
3923,27693,34978
3924,36176,33034
3925,24681,20278
3926,34142,28599
3927,27203,33391
3928,38122,31955
3929,20076,37749
3930,33486,29727
3931,21687,34149
3932,21011,39983
3933,26781,31727
3934,22927,20275
3935,25677,37970
3936,28265,39236
3937,26426,32550
3938,26184,34317
3939,27178,27450
3940,30372,26368
3941,28452,36960
3942,24073,32074
3943,28540,27889
3944,37869,34270
3945,25265,27101
3946,36249,32600
3947,21517,38469
3948,31128,30176
3949,38982,33860
3950,23092,33504
3951,27601,27509
3952,23737,27473
3953,26499,35376
3954,25080,29936
3955,27187,34537
3956,38586,30504
3957,25072,30740
3958,30957,25385
3959,31962,39096
3960,29623,29135
3961,23671,33344
3962,29357,38594
3963,34095,33901
3964,34528,32514
3965,37837,34341
3966,21597,28826
3967,26455,37809
3968,30093,28621
3969,39393,26747
3970,34435,29194
3971,32797,32403
3972,20258,34295
3973,26597,25498
3974,31596,20260
3975,30610,34667
3976,31693,24550
3977,29940,25200
3978,30297,29756
3979,29120,35788
3980,38596,32076
3981,23962,26667
3982,23377,31401
3983,24331,36364
3984,38506,31611
3985,39442,31836
3986,30613,26711
3987,30628,20484
3988,36279,30796
3989,24049,21812
3990,26985,26765
3991,32693,27179
3992,29488,20166
3993,24863,20646
3994,24766,30255
3995,24609,36869
3996,30066,28353
3997,38521,22357
3998,36377,32495
3999,29374,37603
4000,27455,36386
4001,25321,27109
4002,35821,20474
4003,31276,32588
4004,32452,31367
4005,31742,31342
4006,27105,34129
4007,31555,25881
4008,28404,31926
4009,33781,26418
4010,20375,22062
4011,26425,33543
4012,22528,25054
4013,24835,36600
4014,20572,35907
4015,32796,31452
4016,21979,21630
4017,25318,25189
4018,26061,33199
4019,32269,29528
4020,21492,26011
4021,29966,32327
4022,27861,30038
4023,29587,29184
4024,39498,32213
4025,33092,27202
4026,37785,39196
4027,27753,27348
4028,23799,21406
4029,23090,21439
4030,31156,34614
4031,35213,30385
4032,23641,36587
4033,21220,21894
4034,29701,39838
4035,29901,25806
4036,25363,22871
4037,20302,24543
4038,37423,27531
4039,33080,31216
4040,31123,20959
4041,34199,36498
4042,28088,32466
4043,26305,37945
4044,25120,21925
4045,23565,24687
4046,38432,37596
4047,27739,34216
4048,21674,31851
4049,21825,27769
4050,39902,35660
4051,36510,32249
4052,24789,33277
4053,31445,22980
4054,37105,39010
4055,27649,37074
4056,24774,27350
4057,32429,24787
4058,22875,22858
4059,33088,33641
4060,37886,38604
4061,25753,29457
4062,34233,35691
4063,22507,27713
4064,32427,36750
4065,20025,26120
4066,30814,30844
4067,20924,24391
4068,39834,37219
4069,24982,30270
4070,34232,25055
4071,37236,27485
4072,25974,23212
4073,32991,23352
4074,38266,39216
4075,23627,27538
4076,32342,37863
4077,37686,24941
4078,30144,30828
4079,26009,20555
4080,25728,28295
4081,31437,20879
4082,29337,35330
4083,29844,22009
4084,21362,32093
4085,31040,38464
4086,33934,33549
4087,26482,22783
4088,26689,39818
4089,39870,30910
4090,39227,32132
4091,39938,26574
4092,22689,39604
4093,20306,37516
4094,31574,35022
4095,22396,29889
4096,31405,25751
4097,33081,20145
4098,29276,20203
4099,24805,24390
4100,38786,29713
4101,38560,20672
4102,27740,31220
4103,32625,38906
4104,23730,38585
4105,33631,29568
4106,30544,21736
4107,24714,21926
4108,39457,29876
4109,23068,29517
4110,31594,28182
4111,37808,30793
4112,32226,28770
4113,38778,22146
4114,32127,28696
4115,23142,33461
4116,28650,25810
4117,37237,24690
4118,36949,39762
4119,39855,33905
4120,27254,26661
4121,23895,28082
4122,33705,31603
4123,38915,25875
4124,39500,23360
4125,20010,39877
4126,26583,20147
4127,28868,39796
4128,26571,29538
4129,26887,36210
4130,33345,29227
4131,38292,35367
4132,24502,29909
4133,20659,28739
4134,22363,31911
4135,37250,30542
4136,35211,28468
4137,34551,26644
4138,39139,21646
4139,38983,30926
4140,36501,25539
4141,29454,24551
4142,25381,23938
4143,34337,32398
4144,30098,20880
4145,31093,34685
4146,39140,33495
4147,20719,28651
4148,36141,36720
4149,38429,23705
4150,33851,31011
4151,21015,28588
4152,22126,34893
4153,28990,21561
4154,26848,20662
4155,28313,35936
4156,30778,24743
4157,33646,23242
4158,39867,26451
4159,24692,38239
4160,36767,30079
4161,20826,31188
4162,25560,33790
4163,21896,37492
4164,36174,37617
4165,29613,37667
4166,25299,22929
4167,21598,22704
4168,38879,26543
4169,21089,35932
4170,35207,36366
4171,26845,20754
4172,21289,38333
4173,30994,23810
4174,32268,21132
4175,20143,24769
4176,31298,21621
4177,39208,28832
4178,23678,31997
4179,39567,33044
4180,37802,27890
4181,26553,39395
4182,25851,30072
4183,33200,33524
4184,26518,37906
4185,23629,21636
4186,26529,32362
4187,36964,27801
4188,37351,34158
4189,21518,28966
4190,32649,21077
4191,37712,37391
4192,29138,24451
4193,37727,21508
4194,34180,39654
4195,34539,27518
4196,35737,21735
4197,36460,38109
4198,20250,36594
4199,26578,31142
4200,38548,36694
4201,35445,20583
4202,27327,33166
4203,20915,25467
4204,39319,38525
4205,23964,32314
4206,22978,34116
4207,27459,25446
4208,29498,30071
4209,28964,22232
4210,21038,21751
4211,26177,23786
4212,37833,24416
4213,22421,30942
4214,30123,32841
4215,23479,30717
4216,37067,30690
4217,22849,34231
4218,22633,21306
4219,39361,23576
4220,35404,32412
4221,30914,24600
4222,33459,22596
4223,34545,28382
4224,34752,20561
4225,25270,31824
4226,22943,38660
4227,23364,22007
4228,33288,37951
4229,31605,32365
4230,37910,22739
4231,29119,25114
4232,23521,34290
4233,27331,31599
4234,21411,30489
4235,31784,25240
4236,21346,30198
4237,22272,32281
4238,22694,29604
4239,35736,27846
4240,36170,38719
4241,31587,24557
4242,37148,34219
4243,32186,28325
4244,32592,21707
4245,28212,34990
4246,35489,32802
4247,32075,38789
4248,36919,33446
4249,29739,20407
4250,38446,34245
4251,28245,26353
4252,27797,22211
4253,25760,21167
4254,30362,39973
4255,31474,32284
4256,31233,33346
4257,27995,36205
4258,35074,27762
4259,28525,28804
4260,35096,34822
4261,38808,24905
4262,31251,35991
4263,24902,35015
4264,30478,25572
4265,34201,31236
4266,29263,23967
4267,33967,31549
4268,36940,39166
4269,31086,34464
4270,27586,37275
4271,22031,25685
4272,33494,23548
4273,29409,22296
4274,26371,36574
4275,27432,23097
4276,38428,37542
4277,34920,32858
4278,32579,21755
4279,22332,38110
4280,32299,39494
4281,24908,36786
4282,24669,21398
4283,34862,29350
4284,28393,23646
4285,20815,29303
4286,25167,25227
4287,34689,23881
4288,25003,37868
4289,33025,38698
4290,30603,37841
4291,34836,25963
4292,26991,33303
4293,31414,22894
4294,23337,30349
4295,21895,34963
4296,35060,31922
4297,22266,30532
4298,32248,30265
4299,30034,31053
4300,34795,26208
4301,22564,22491
4302,34498,21499
4303,22070,20954
4304,25141,23928
4305,23954,20734
4306,23180,36414
4307,28831,29390
4308,36309,33076
4309,32199,39835
4310,31222,21538
4311,39080,29608
4312,39477,29617
4313,21819,33513
4314,20340,33172
4315,39352,37177
4316,26721,24261
4317,37454,37229
4318,35352,30541
4319,27622,24575
4320,36556,28561
4321,32696,32322
4322,39982,26983
4323,38792,21263
4324,27132,22530
4325,31974,23129
4326,36299,20185
4327,39745,26116
4328,23721,29734
4329,38787,20902
4330,27419,31513
4331,30854,24612
4332,20457,35433
4333,31715,21689
4334,38849,24684
4335,37605,26725
4336,24706,33399
4337,30877,25961
4338,39351,27278
4339,37816,39134
4340,27642,33931
4341,35270,23905
4342,25169,35962
4343,25609,34883
4344,37039,29001
4345,26739,21616
